Naam,Prijs,Beschrijving,Categorie,Foto,Tags,Beschikbaar,Oude prijs,Barcode
Navalon & Dante Vera Necklace ,104.95,Vrolijke ketting gemaakt van dalmatier jaspis en roze kwarts ,sieraden,,sieraden; ketting; edelstenen ,1,,BA-001
Navalon & Dante Heart Necklace,75.00,Vrolijke ketting gemaakt van blauwe steentjes met gouden hartje,sieraden,,sieraden; ketting; stenen; goud ,1,,BA-002
By Mel X Pink Panther Necklace,29.95,Ketting met roze en panterprint kleurige kralen,sieraden,,sieraden; ketting; stenen; panter; roze ,1,,BA-003
Navalon & Dante Pink,64.95,Roze ketting met ronde schakels ,Sieraden,,sieraden; ketting; stenen; roze ,1,,BA-004
Navalon & Dante Green with star,44.99,Groene ketting met ronde schakels en parelmoer sterretje ,Sieraden,,sieraden; rosegoud; armband,1,,BA-005
Navalon & Dante Tamer Necklace ,59.99,Goudkleurige ketting met wishbox bedel,Sieraden,,sieraden; goud; ketting; wishbox; rvs,1,,BA-006
Navalon & Dante Tender Necklace,59.99,Roze ketting met wishbox bedel,Sieraden,,sieraden; goud; ketting; wishbox; rvs,0,,BA-007
Navalon & Dante Lula Necklace,54.95,Goudkleurige ketting met roze pendant,sieraden,,sieraden; goud; ketting; pendant; roze ,1,,BA-008
Navalon & Dante Zuca Necklace,74.99,Ketting van dalmtier jaspis en paarse parel ,sieraden,,sieraden; ketting; stenen; dalmatier; paars,1,,BA-009
Navalon & Dante Champ Necklace,74.99,Ketting van zachte parelachtige kralen en wishbox ,sieraden,,sieraden; ketting; kralen; wisbox ,1,,BA-010
By Mel X Brown Panther Necklace,27.95,Ketting met bruine en panterprint kleurige kralen met hartje ,sieraden,,sieraden; ketting; kralen; panterprint; bruin; hartje,1,,BA-011
Navalon & Dante Pink Hearts Necklace,49.99,Roze parelmoerkleurige hartjes ketting,sieraden,,sieraden; ketting; roze; kralen,1,,BA-012
Nacalon & Dante Poppy Necklace,64.99,Roze kleurige ketting met turquoise steentje ,sieraden,,sieraden; ketting; roze; steentjes; turquoise,2,,BA-013
By Mel X Cross Necklace,24.95,Ketting met kralen en goudkleurig kruisje met gekleurde steentjes,sieraden,,sieraden; ketting; gekleurd; kruisje; steentjes ,1,,BA-014
Navalon & Dante Pink Gemstone Necklace,69.95,Roze ketting van steentjes,sieraden,,sieraden; ketting; roze; stenen,1,,BA-015
Navalon & Dante Allegra Necklace,164.99,Amethist met gouden afwerking en wishbox bedel ketting,sieraden,,sieraden; ketting; amethist; stenen; paars; wishbox ,1,,BA-016
Navalon & Dante Allegra Mini Necklace,84.95 ,Amethist met gouden afwerking en wishbox bedel ketting,sieraden,,sieraden; ketting; amethist; stenen; paars; wishbox ,,,BA-017
Navalon & Dante Three Hearts,95.00,Goudkleurige ketting met drie groen/paars kleurige hartjes,sieraden,,sieraden; ketting; hartjes; groen; paars; goud,,,BA-018
Navalon & Dante Smiley,69.99,Kleurige ketting met smileys,sieraden,,sieraden; ketting; gekleurd; smiley ,,,BA-019
S.steel cross met steentjes,15.95,"gouden ketting, kruis met steentjes",sieraden,,sieraden; ketting goud kruis,,,BA-020
S. steel mama,15.95,gouden ketting mama met enkel steentje,sieraden,,sieraden; mama met enkel steentje,,,BA-021
S. steel gouden v ketting,12.50,gouden ketting met V,sieraden,,sieraden; gouden V ketting,,,BA-022
S. steel gouden parelmoer hart,12.50,gouden hartjes ketting met parelmoer,sieraden,,sieraden; hartjes met parelmoer,,,BA-023
S. Steel Golden Heart Beats ,34.95,Goudkleurige ketting met balletjes en hartje ,sieraden,,sieraden; goud; hartje; beats ,,,BA-024
S. steel butterfly,12.50,gouden vlinder ketting met zwarte binnenkant,sieraden,,sieraden; zwarte vlinder ketting,,,BA-025
S. Steel black beats,12.99,Zwart kleurige kralen ketting met gouden detail,sieraden,,sieraden; zwart; kralen; goud; ketting ,2,,BA-026
S. steel lucky charm met steen,15.95,"gouden ketting, klavertje vier met een enkel steentje",sieraden,,"sieraden; goud, klavertje vier, steentje",,,BA-027
Navalon & Dante Melody Necklace,74.95,Zoetwater parels met wishbox ,sieraden,,sieraden; goud; wishbox; zoetwaterparels,,,BA-028
S. steel little star,12.50,gouden ketting met ster,sieraden,,"sieraden; goud, ster",,,BA-029
Sweet 7 Choker,21.50,Parel chocker met gouden details en steentjes,sieraden,,sieraden; choker; parel; goud; ketting,,,BA-030
Navalon & Dante Circus Necklace,64.95,paars met wit gestreepte bollen ketting,sieraden,,"sieraden; kralen, paars, wit gestreept",,,BA-031
By Mel X bows necklace,39.95,roze steentjes ketting met strikjes,sieraden,,"sieraden; roze, steentjes, strikjes",,,BA-032
S. Steel Double Lucky Charm,15.95,Goudkleurige ketting met dubbele klavertjes vier ,sieraden,,sieraden; goud; klavertje vier; ketting ,,,BA-033
S. steel double bee necklace,18.95,"Gouden dubbele ketting, met bijtje ",sieraden,,"sieraden; goud, dubbel, bij",,,BA-034
S. Steel Drop,24.95,Goudkleurige ketting met druppel en steentjes,sieraden,,sieraden; goud; steentjes; ketting ,,,BA-035
S. Steel Cross,12.95,Goudkleurige ketting met kruisje en steentjes,sieraden,,sieraden; goud; steentjes; ketting; kruisje ,,,BA-036
S. Steel Coin Necklace,34.95,Goudkleurige ketting met muntjes ,sieraden,,sieraden; goud; muntjes; ketting,,,BA-037
S. Steel Oval Necklace,24.95,Goudkleurige ketting met ovaal met steentjes,sieraden,,sieraden; goud; ovaal; steentjes; ketting ,,,BA-038
S Steel Linkchain 1,29.95,Goudkleurige schakelketting,sieraden,,sieraden; goud; schakel; ketting ,,,BA-039
Navalon & Dante Lucky Charms,104.99,"special edition lucky charms ketting met beer, smiley, kruis enz.",sieraden,,"sieraden; goud, bedeltjes",,,BA-040
Navalon & Dante Chunky Funky,79.95,"special edition gouden schakelketting met funky bedeltjes. hartjes, cactus.",sieraden,,"sieraden; goud, bedeltjes",,,BA-041
Navalon & Dante Jain Necklace,74.95,verschillende kleuren en stenen ketting ,sieraden,,"sieraden; stenen, kleuren",,,BA-042
S Steel Linkchain 2,29.95,Goudkleurige schakelketting,sieraden,,sieraden; goud; schakel; ketting ,,,BA-043
S Steel Linkchain 3,29.95,Goudkleurige schakelketting,sieraden,,sieraden; goud; schakel; ketting ,,,BA-044
S Steel Linkchain 4,29.95,Goudkleurige schakelketting,sieraden,,sieraden; goud; schakel; ketting ,,,BA-045
S Steel Linkchain 5,29.95,Goudkleurige schakelketting,sieraden,,sieraden; goud; schakel; ketting ,,,BA-046
S Steel Linkchain 6,29.95,Goudkleurige schakelketting,sieraden,,sieraden; goud; schakel; ketting ,,,BA-047
Navalon & Dante Turtle ,139.95,Goudkleurige ketting met schildpad hanger,sieraden,,sieraden; goud; schakel; ketting; schildpad ,,,BA-048
Navalon & Dante Wishbox Necklace Tango,134.95,Ketting met Gouden Wishbox en Tango Stenen,sieraden,,"sieraden; wishbox, blauwe stenen",,,BA-049
S. Steel Kralenketting Zon Roze,20.99,Donkerroze kralenketting met goudkleurige zon hanger,sieraden,,sieraden; kralen; roze; goud; zon ,,,BA-050
S. Steel Kralenketting Zon Blauw,20.99,Donkerblauwe kralenketting met goudkleurige zon hanger,sieraden,,sieraden; kralen; blauw; goud; zon ,,,BA-051
S. Steel Kralenketting Zon Oranje,20.99,Oranje kralenketting met goudkleurige zon hanger,sieraden,,sieraden; kralen; oranje; goud; zon ,,,BA-052
S. Steel Kralenketting Pink,12.99,Roze kralenketting met goudkleurig slotje ,sieraden,,sieraden; kralen; roze; ketting ,,,BA-053
S. Steel Kralenketting Yellow,12.99,Gele kralenketting met goudkleurig slotje ,sieraden,,sieraden; kralen; geel; ketting,,,BA-054
S. Steel Kralenketting Purple,12.99,Paarse kralenketting met goudkleurig slotje ,sieraden,,sieraden; kralen; paars; ketting ,,,BA-055
S.steel Heart Charms,15.95,Gouden ketting met verschillende soorten hartjes,sieraden,,"sieraden; goud, hearts, charms",,,BA-056
S. steel Dubble Chain,23.75,"visgraat ketting met venetiaanse ketting, 2 in 1",sieraden,,"sieraden; goud, visgraat, venetiaanse",,,BA-057
S. Steel Dior Look a Like,20.99,Zilveren Dior Look a Like ketting,sieraden,,sieraden; zilver; schakel; ketting ,,,BA-058
Navalon & Dante Rooky Necklace,69.95,Goudkleurige Wishbox ketting met Zwarte kralen,sieraden,,"sieraden; wishbox, goud, zwarte kralen",,,BA-059
Sweet 7 Kralenketting,12.95,Zilveren kralenketting ,Sieraden,,sieraden; zilver; kralenketting,,,BA-060
S. steel visgraat ketting,15.95,Gouden visgraat ketting,sieraden,,"sieraden; goud, visgraat, venetiaanse",,,BA-061
Navalon & Dante Mermaid Necklace,84.95,"Gouden Zeemermin ketting, Stainless Steel Gold",sieraden,,"sieraden; goud, zeemermin",,,BA-062
Navalon & Dante Tiff Necklace,59.95,gele steentjes ketting,sieraden,,"sieraden; geel, steentjes",,,BA-063
Navalon & Dante Wishbox Necklace Love,164.95,Goudkleurige Wishbox ketting met Roze Love Stenen,sieraden,,"sieraden; wishbox, roze, stenen",,,BA-064
navalon & Dante Schakelketting met Roze tussenstuk,95.95,Gouden Schakelketting met Roze 4 stenen tussenstuk,sieraden,,"sieraden; schakelketting, roze, 4 stenen",,,BA-065
